node_name,regen,rectum,regen/total
עֵבֶר,2,0,1.0
יַרְדֵּן,0,1,0.0
דֶּרֶך,3,0,1.0
הַר,21,9,0.7
שֵעִיר,0,2,0.0
בֵּן,44,16,0.7333333333333333
יִשְרָאֵל,0,23,0.0
מֶלֶךְ,14,18,0.4375
אֱמִרִי,0,1,0.0
בָּשָן,0,5,0.0
אֶרֶץ,39,38,0.5064935064935064
מוֹאָב,0,4,0.0
אֱמֹרִי,0,4,0.0
חוֹף,1,0,1.0
יָם,3,14,0.17647058823529413
כְּנַעְנִי,0,1,0.0
נָהָר,4,0,1.0
פְּרָת,0,1,0.0
כּוֹכָב,3,0,1.0
שָׁמַיִם,0,1,0.0
אֱלֹהִים,18,38,0.32142857142857145
אָב,4,15,0.21052631578947367
רֹאש,20,6,0.7692307692307693
שֶבֶט,10,2,0.8333333333333334
שַר,7,0,1.0
אֶלֶף,0,3,0.0
מֵאָה,0,2,0.0
חֲמִשִּים,0,1,0.0
דֶּרֶךְ,46,11,0.8070175438596491
אֶמֹרִי,0,1,0.0
נַחַל,4,4,0.5
אֶשְכֹּל,0,1,0.0
פְּרִי,3,0,1.0
פֶּה,11,15,0.4230769230769231
יְהֹוָה,0,71,0.0
שִנְאָה,2,1,0.6666666666666666
מִצְרַיִם,0,8,0.0
יָד,29,16,0.6444444444444445
בֵּן,2,1,0.6666666666666666
עֲנָק,0,2,0.0
קוֹל,22,0,1.0
דָּבָר,35,7,0.8333333333333334
סוּף,0,4,0.0
כְּלִי,6,0,1.0
מִלְחָמָה,0,4,0.0
גְּבוּל,11,0,1.0
אָח,1,9,0.1
עֵשָו,0,1,0.0
מִדְרָךְ,2,0,1.0
כַּף,6,8,0.42857142857142855
רֶגֶל,1,5,0.16666666666666666
מַעֲשֶה,5,1,0.8333333333333334
עֲרָבָה,1,2,0.3333333333333333
מִדְבָּר,4,3,0.5714285714285714
לוֹט,0,1,0.0
יְרֻשָּה,2,1,0.6666666666666666
זֶרֶד,0,1,0.0
אִיש,40,15,0.7272727272727273
עַמּוֹן,0,4,0.0
עַמּוִן,0,1,0.0
רְפָאִים,0,3,0.0
קְדֵמוֹת,0,1,0.0
חֶשְבּוֹן,0,1,0.0
שָלוֹם,2,6,0.25
שְלָל,1,0,1.0
עִיר,16,7,0.6956521739130435
שָפָה,16,14,0.5333333333333333
אַרְנוֹן,0,2,0.0
יָבֹק,0,1,0.0
חֶבֶל,6,0,1.0
אַרְגֹּב,0,1,0.0
מַמְלָכָה,3,2,0.6
עוֹג,0,2,0.0
פְּרָזִי,0,1,0.0
שָלָל,2,0,1.0
חֶרְמוֹן,0,3,0.0
מישוֹר,0,2,0.0
יֶתֶר,3,1,0.75
עֶרֶש,3,0,1.0
בַּרְזֵל,0,7,0.0
אַמָּה,1,1,0.5
גִּלְעָד,0,2,0.0
מְנַשֶּה,0,2,0.0
גְּשוּרִי,0,1,0.0
חַוָּה,1,0,1.0
יָאִיר,0,1,0.0
מֶלַח,0,2,0.0
אֲשֵדָה,1,0,1.0
פִּסְגָּה,0,2,0.0
חַיִל,2,6,0.25
בַּיִת,14,11,0.56
פְּעוֹר,0,1,0.0
מִצְוָה,3,4,0.42857142857142855
עַיִן,17,10,0.6296296296296297
עַם,4,23,0.14814814814814814
יוֹם,36,8,0.8181818181818182
חַיִּים,0,11,0.0
לֵב,17,30,0.3617021276595745
שָמַיִם,2,14,0.125
תְּמוּנָה,1,1,0.5
סֶמֶל,0,1,0.0
תַּבְנִית,8,0,1.0
זָכָר,0,1,0.0
נְקֵבָה,0,1,0.0
בְּהֵמָה,2,4,0.3333333333333333
צִפּוֹר,2,2,0.5
כָּנָף,5,6,0.45454545454545453
רֶמֶש,0,1,0.0
דָּגָה,0,1,0.0
צָבָא,1,3,0.25
כּוּר,1,0,1.0
נַחֲלָה,3,3,0.5
בְּרִית,4,8,0.3333333333333333
תְּמוּנָה,1,0,1.0
כֹּל,0,5,0.0
מְתִים,2,0,1.0
מִסְפָּר,2,1,0.6666666666666666
אָדָם,1,22,0.043478260869565216
אחֲרִית,1,0,1.0
קָצֶה,5,2,0.7142857142857143
מִישוֹר,0,2,0.0
יִשְרָאָל,0,1,0.0
סִיחוֹן,0,1,0.0
עוִֹג,0,1,0.0
מִזְרָח,1,0,1.0
שֶמֶש,0,3,0.0
בָּיִת,12,7,0.631578947368421
עֲבָדִים,0,1,0.0
פֶּסֶל,1,0,1.0
עָוֹן,4,1,0.8
שֹמֵר,5,0,1.0
שֵם,11,6,0.6470588235294118
שַבָּת,0,1,0.0
שְבִיעִי,0,1,0.0
עֵד,8,1,0.8888888888888888
שָוְא,0,2,0.0
אִשָּה,17,5,0.7727272727272727
רֵעַ,1,10,0.09090909090909091
לוּחַ,3,0,1.0
אֶבֶן,2,5,0.2857142857142857
חַיִּים,1,9,0.1
זָב,2,0,1.0
חָלָב,7,2,0.7777777777777778
דְּבָש,0,4,0.0
מְזוּזָה,3,0,1.0
עֶבֶד,2,11,0.15384615384615385
אַף,3,13,0.1875
סְגֻּלָה,0,1,0.0
אַהֲבָה,1,0,1.0
פָּרְעה,0,1,0.0
בֶּטֶן,2,5,0.2857142857142857
פְּרִי,10,3,0.7692307692307693
אֲדָמָה,1,2,0.3333333333333333
שֶגֶר,1,0,1.0
עַשְתֶּרֶת,1,0,1.0
צֹאן,3,7,0.3
מַדְוֶה,1,0,1.0
חָיָה,1,0,1.0
שָדֶה,4,5,0.4444444444444444
פָּסִיל,1,0,1.0
תּוֹעֵבָה,8,0,1.0
מוֹצָא,5,0,1.0
מַיִם,6,10,0.375
חִטָּה,0,3,0.0
שְעָרָה,1,1,0.5
גֶּפֶן,1,1,0.5
תְּאֵנָה,0,1,0.0
רִמּוֹן,0,1,0.0
זַיִת,0,2,0.0
שֶמֶן,4,1,0.8
עֹצֶם,1,0,1.0
רִשְעָה,1,0,1.0
גוֹי,0,4,0.0
יָשָר,3,10,0.23076923076923078
לֵבָב,2,11,0.15384615384615385
קָשֶה,2,0,1.0
עֹרֶף,0,1,0.0
אֶצְבַּע,1,1,0.5
הַקְהֵל,0,1,0.0
קֵץ,4,0,1.0
אַרְבָּעִים,0,1,0.0
יום,0,1,0.0
עֵגֶל,2,0,1.0
מַסֵּכָה,0,1,0.0
אֲרוֹן,5,1,0.8333333333333334
עֵץ,6,4,0.6
שִטָּה,0,1,0.0
נחל,0,1,0.0
מים,0,2,0.0
לֵוִי,0,3,0.0
עָרְלָה,1,0,1.0
אָדוֹן,1,3,0.25
מִשְפָּט,13,5,0.7222222222222222
יָתוֹם,0,3,0.0
אַלְמָנָה,0,4,0.0
מוּסָר,6,2,0.75
אֱלִיאָב,0,1,0.0
רְאוּבֵן,0,1,0.0
גַּן,1,0,1.0
יֶרֶק,1,1,0.5
מָטָר,2,0,1.0
רֵאשִית,14,0,1.0
שָנָה,8,5,0.6153846153846154
אַחֲרִית,4,0,1.0
גְּרִזִּים,0,1,0.0
עֵיבָל,0,1,0.0
מָבוֹא,1,1,0.5
אָלוֹן,1,0,1.0
מֹרֶה,0,1,0.0
תְּרוּמָה,1,1,0.5
בְּכוֹר,4,1,0.8
בָּקָר,0,3,0.0
מִשְלָח,1,0,1.0
מִבְחָר,1,0,1.0
נֶדֶר,0,2,0.0
אַוָּה,1,0,1.0
נֶפֶש,12,22,0.35294117647058826
בְּרָכָה,3,2,0.6
מַעֲשֵר,4,1,0.8
דָּגָן,0,4,0.0
תִּירוֹש,0,3,0.0
יִצְהָר,0,2,0.0
צאן,0,1,0.0
מִזְבֵּחַ,1,1,0.5
דָּם,8,5,0.6153846153846154
זֶבַח,8,3,0.7272727272727273
נָבִיא,0,1,0.0
חֹלֵם,1,0,1.0
חֲלוֹם,0,1,0.0
אִמָּא,0,1,0.0
חֵיק,1,2,0.3333333333333333
בְּלִיָעָל,0,6,0.0
יֹשֵב,9,1,0.9
תֵּל,1,0,1.0
עוֹלָם,0,15,0.0
חָרוֹן,1,0,1.0
סְגֻלָּה,0,1,0.0
שֶה,2,0,1.0
כֶּבֶש,0,1,0.0
עֵז,0,2,0.0
מְפַרֵס,1,0,1.0
פַּרְסָה,0,2,0.0
שֹסֵעַ,1,0,1.0
שֶסַע,0,1,0.0
מַעֲלֶה,2,0,1.0
גֵּרָה,0,1,0.0
גֵּרָה,0,1,0.0
מַפְרִיס,1,0,1.0
בַּת,8,5,0.6153846153846154
יַעֲנָה,0,1,0.0
שֶרֶץ,1,0,1.0
עוֹף,3,1,0.75
אֵם,1,12,0.07692307692307693
תְּבוּאָה,4,5,0.4444444444444444
זֶרַע,4,4,0.5
שְמִטָּה,0,3,0.0
מַשֵּה,1,0,1.0
דַּי,1,0,1.0
מַחְסוֹר,0,2,0.0
שֶבַע,1,2,0.3333333333333333
שָכָר,1,0,1.0
שָכִיר,0,1,0.0
שוֹר,1,2,0.3333333333333333
חֹדֶש,1,0,1.0
אָבִיב,0,1,0.0
לֶחֶם,12,5,0.7058823529411765
עָנִי,1,7,0.125
חַג,3,1,0.75
שָבוּעַ,0,1,0.0
מִסָּה,2,0,1.0
נְדָבָה,1,2,0.3333333333333333
סֻכָּה,0,2,0.0
פָּנֶה,12,9,0.5714285714285714
מַצָּה,0,1,0.0
מַתָּנָה,1,0,1.0
צֶדֶק,2,12,0.14285714285714285
חָכָם,1,8,0.1111111111111111
צַדִּיק,0,27,0.0
מִזְבֵּח,3,0,1.0
תוֹעֵבָה,1,0,1.0
רִיב,2,2,0.5
כִּסֵא,1,0,1.0
מִשְנֶה,1,0,1.0
תּוֹרָה,6,6,0.5
כֹּהֵן,0,1,0.0
גֵּז,0,1,0.0
גּוֹי,1,5,0.16666666666666666
דָּבָר,1,0,1.0
רֹצֵחַ,0,1,0.0
גּאֵל,1,0,1.0
מָוֶת,1,12,0.07692307692307693
זָקֵן,5,4,0.5555555555555556
גֹּאֵל,0,1,0.0
נָקִי,1,1,0.5
חָמָס,1,6,0.14285714285714285
שֶקֶר,0,11,0.0
רַךְ,1,1,0.5
אֹיֵב,2,9,0.18181818181818182
מַאֲכָל,0,2,0.0
עֶגְלָה,1,0,1.0
יָפֶה,1,1,0.5
תֹּאַר,0,1,0.0
שִמְלָה,2,0,1.0
שֶבִי,0,1,0.0
יֶרַח,1,1,0.5
אָהוּב,0,1,0.0
שָנוּא,0,1,0.0
אוֹן,0,2,0.0
שַעַר,2,1,0.6666666666666666
מָקוֹם,5,1,0.8333333333333334
חֵטְא,2,2,0.5
קְלָלָה,2,0,1.0
אֲבֵדָה,1,0,1.0
חֲמוֹר,1,0,1.0
גֶּבֶר,1,6,0.14285714285714285
קֵן,1,0,1.0
כֶּרֶם,2,1,0.6666666666666666
כְּסוּת,0,1,0.0
עֲלִילָה,2,0,1.0
נַעַר,0,3,0.0
בְּתוּלִים,2,0,1.0
דָבָר,3,1,0.75
בָּתוּל,1,0,1.0
פֶּתַח,5,2,0.7142857142857143
בָּעוּל,1,0,1.0
בַּעַל,0,2,0.0
פָּצוּעַ,1,0,1.0
דּכָּא,0,1,0.0
כָּרוּת,1,0,1.0
שָפְכָה,0,1,0.0
קָהָל,6,1,0.8571428571428571
בְּעוֹר,0,1,0.0
קָרֶה,1,0,1.0
לַיְלָה,0,3,0.0
עֶרְוָה,1,0,1.0
אֶתְנַן,1,0,1.0
זֹנָה,0,2,0.0
מְחִיר,2,0,1.0
כֶּלֶב,0,4,0.0
נֶשֶךְ,3,0,1.0
כֶּסֶף,1,5,0.16666666666666666
אֹכֶל,0,1,0.0
קָמָה,1,0,1.0
סֵפֶר,2,1,0.6666666666666666
כְּרִיתוּת,0,1,0.0
נֶגַע,1,0,1.0
צָרַעַת,0,1,0.0
מַשָּאָה,1,0,1.0
מְאוּמָה,0,1,0.0
גֵּר,0,1,0.0
בֶּגֶד,1,1,0.5
הַכּוֹת,0,1,0.0
מֵת,1,1,0.5
חֲלוּץ,0,1,0.0
נַעַל,0,1,0.0
אֶחָד,0,1,0.0
מַכֵּה,5,1,0.8333333333333334
עֹשֵה,8,0,1.0
עָוֶל,0,2,0.0
זֵכֶר,6,0,1.0
עֲמָלֵק,0,1,0.0
מְעַט,0,1,0.0
מָעוֹן,2,0,1.0
קֹדֶש,1,16,0.058823529411764705
חָרָש,0,1,0.0
אִשָּה,1,0,1.0
מַעֲלָל,2,2,0.5
שְחִין,1,0,1.0
תִּמָּהוֹן,1,0,1.0
אֵל,14,12,0.5384615384615384
מַרְאֶה,1,0,1.0
טוֹב,2,5,0.2857142857142857
רַב,9,3,0.75
חֹסֶר,1,0,1.0
עֹל,1,0,1.0
עֹז,3,12,0.2
בָּשָר,4,2,0.6666666666666666
חָסֵר,4,1,0.8
גָּדוֹל,1,2,0.3333333333333333
נֶאֱמָן,1,1,0.5
מַּכֵּה,1,0,1.0
כִּלָּיוֹן,1,0,1.0
דֵּאָבון,1,0,1.0
פַּחַד,3,0,1.0
מְנַשִּי,0,1,0.0
חֹטֵב,1,0,1.0
שֹאֵב,1,0,1.0
אָלָה,1,1,0.5
שְרִרוּת,1,0,1.0
מַהֲפֵּכָה,2,0,1.0
סְדֹם,0,2,0.0
עֲמֹרָה,0,2,0.0
חֳרִי,1,0,1.0
אֹרֶךְ,2,0,1.0
עֶשְרִים,0,1,0.0
אָרוֹן,3,0,1.0
מֹעֵד,2,0,1.0
אֹהֶל,4,2,0.6666666666666666
מוֹעֵד,1,1,0.5
עַמּוּד,1,0,1.0
עָנָן,0,1,0.0
נֵכָר,0,5,0.0
נֹשֵא,3,0,1.0
אֹזֶן,6,1,0.8571428571428571
שִירָה,0,1,0.0
אֵמֶר,6,2,0.75
אֱמוּנָה,0,5,0.0
דוֹר,3,3,0.5
חֵלֶק,1,2,0.3333333333333333
אִישוֹן,4,0,1.0
בָּמָה,1,0,1.0
תְּנוּבָה,1,0,1.0
חַלָּמִיש,1,0,1.0
צוּר,6,1,0.8571428571428571
חֶמְאָה,1,0,1.0
כַּר,0,2,0.0
כִּלְיָה,0,1,0.0
עֵנָב,1,1,0.5
יְשוּעָה,5,7,0.4166666666666667
כַּעַס,4,1,0.8
דּוֹר,3,0,1.0
תַּהֲפּוּכָה,0,4,0.0
מוֹסָד,4,0,1.0
מָזֶה,1,0,1.0
רַָעַָב,0,1,0.0
רֶשֶף,1,1,0.5
שֵן,2,1,0.6666666666666666
חֵמָה,8,4,0.6666666666666666
זַחַל,0,1,0.0
עָפָר,1,3,0.25
שֵיבָה,1,1,0.5
אֹבֵד,1,0,1.0
עֵצָה,6,2,0.75
שְדֵמָה,1,0,1.0
אֶשְכּוֹל,1,0,1.0
מְרֹרָה,0,1,0.0
תַּנִין,0,1,0.0
פֶּתֶן,0,1,0.0
אֵיד,0,1,0.0
יַיִן,2,0,1.0
נָסִיךְ,0,1,0.0
בָּרָק,1,0,1.0
חֶרֶב,2,3,0.4
חָלָל,0,2,0.0
פֶּרַע,0,1,0.0
עֲבָרִים,0,1,0.0
נְבוֹ,0,1,0.0
כְּנָעָן,0,2,0.0
מְרִיבָה,0,1,0.0
קָדֵש,0,1,0.0
צִן,0,1,0.0
פָארָן,0,1,0.0
רְבָבָה,1,0,1.0
קְהִלָּה,1,0,1.0
יַעֲקֹב,0,13,0.0
יְהוּדָה,0,8,0.0
פֹּעַל,4,0,1.0
יָדִיד,1,0,1.0
מְבֹרָךְ,1,0,1.0
מֶגֶד,8,0,1.0
גֶּרֶש,0,1,0.0
קֶדֶם,2,4,0.3333333333333333
גִּבְעָה,0,2,0.0
רָצוֹן,4,2,0.6666666666666666
שֹכֵן,0,1,0.0
סְנֶה,0,1,0.0
יוֹסֵף,0,2,0.0
קֹדְקֹד,3,0,1.0
נָזִיר,0,1,0.0
קֶרֶן,5,0,1.0
רְאֵם,0,2,0.0
אֶפֶס,3,0,1.0
שֶפַע,1,0,1.0
שָפוּן,2,0,1.0
טָמוּן,0,1,0.0
חוֹל,1,2,0.3333333333333333
מַרְחִיב,1,0,1.0
גָּד,0,1,0.0
חֶלְקָה,3,0,1.0
מְחֹקֵק,0,1,0.0
צְדָקָה,3,2,0.6
גוּר,1,0,1.0
אַרְיֵה,0,2,0.0
שָבֵעַ,1,0,1.0
רָצוּי,1,0,1.0
זְרוֹעַ,3,1,0.75
מָגֵן,3,0,1.0
עֵזֶר,0,1,0.0
גַּאֲוָה,1,3,0.25
אֶפְרַיִם,0,2,0.0
בִּקְעָה,1,0,1.0
יְרִיחוֹ,0,1,0.0
תָּמָר,0,1,0.0
מואָב,0,1,0.0
בְּכִי,0,1,0.0
אֵבֶל,0,1,0.0
מֹשֶה,0,2,0.0
רוּחַ,10,8,0.5555555555555556
חָכְמָה,2,6,0.25
מָשָל,1,0,1.0
שְלֹמֹה,0,1,0.0
דָּוִד,0,2,0.0
בִּינָה,1,2,0.3333333333333333
הַשְכֵּל,0,2,0.0
יִרְאָה,1,0,1.0
דַּעַת,3,5,0.375
לִוְיָה,1,0,1.0
חֵן,1,4,0.2
שְאוֹל,1,5,0.16666666666666666
יֹרֵד,4,0,1.0
בּוֹר,1,1,0.5
אֹרַח,13,0,1.0
בֹּצֵעַ,0,1,0.0
בָּעָל,5,5,0.5
מְשוּבָה,1,0,1.0
פֶּתִי,0,2,0.0
שַלְוָה,1,0,1.0
כְּסִיל,1,11,0.08333333333333333
רָעָה,1,10,0.09090909090909091
הֹלֵךְ,1,0,1.0
תֹּם,2,1,0.6666666666666666
חָסִיד,0,3,0.0
מַעֲגָל,4,0,1.0
יֹשֶר,0,2,0.0
חֹשֵךְ,0,1,0.0
תַּהְפוּכָה,1,0,1.0
רַע,1,11,0.08333333333333333
אַלּוּף,1,0,1.0
נְעוּרִים,0,4,0.0
מִסְחָר,1,0,1.0
נֹעַם,1,2,0.3333333333333333
שוֹאָה,1,0,1.0
רָשָע,1,41,0.023809523809523808
מְאֵרָה,1,1,0.5
נָוֶה,2,0,1.0
עֲטָרָה,5,0,1.0
תִּפְאֶרֶת,3,1,0.75
רֶשַע,0,3,0.0
יַיִּן,1,1,0.5
אוֹר,7,2,0.7777777777777778
נֹגַהּ,0,1,0.0
נָכוֹן,1,0,1.0
תּוֹצָאָה,1,0,1.0
עִקְּשוּת,1,0,1.0
לָזוּת,1,0,1.0
נָכְרִי,0,2,0.0
מוֹרֶה,0,1,0.0
פֶּלֶג,3,0,1.0
אַיָּלָה,1,0,1.0
אַהֵב,0,1,0.0
יַעֲלָה,1,0,1.0
חֹק,1,1,0.5
אִוֶּלֶת,3,2,0.6
חִבּק,1,0,1.0
אָוֶן,0,9,0.0
עִקְשוּת,1,0,1.0
לָשוֹן,8,6,0.5714285714285714
מַחְשָבָה,5,0,1.0
תּוֹכַחַת,1,1,0.5
כִּכָּר,1,0,1.0
הוֹן,1,0,1.0
נָקָם,0,1,0.0
כְּפָר,0,1,0.0
חַלּוֹן,1,0,1.0
שִית,1,0,1.0
נָצוּר,1,0,1.0
שָלֵם,0,1,0.0
אֵטוּן,1,0,1.0
צְרוֹר,1,0,1.0
כִּסֵּא,2,2,0.5
רֹב,15,0,1.0
לֶקַח,0,1,0.0
אֱוִיל,1,3,0.25
חֶדֶר,2,1,0.6666666666666666
מָרוֹם,1,2,0.3333333333333333
נָתִיב,2,2,0.5
מִפְתָּח,1,0,1.0
מֹצֵא,3,0,1.0
מְזִמָּה,0,3,0.0
שֹפֶט,1,0,1.0
מִפְעָל,0,1,0.0
נִכְבָּד,1,0,1.0
מַיִּם,0,3,0.0
תֵּבֵל,1,1,0.5
תְּהוֹם,0,1,0.0
גַּף,2,0,1.0
קֶרֶת,0,2,0.0
תְּחִלָּה,1,0,1.0
קָדוֹש,3,4,0.42857142857142855
כְּסִילוּת,0,1,0.0
עֹבֵר,3,0,1.0
סֵתֶר,4,2,0.6666666666666666
עֶמֶק,1,0,1.0
תּוּגָה,1,0,1.0
אוֹצָר,1,0,1.0
הַוָּה,2,1,0.6666666666666666
רְמִיָּה,0,4,0.0
חָרוּץ,0,3,0.0
מָקוֹר,4,0,1.0
נָבוֹן,0,1,0.0
גֵו,2,0,1.0
קִרְיָה,2,0,1.0
מְחִתָּה,2,0,1.0
דַּל,1,3,0.25
פְּעֻלָּה,4,0,1.0
תְּבוּנָה,0,3,0.0
מְגוֹרָה,1,0,1.0
תַּאֲוָה,7,0,1.0
תּוֹחֶלֶת,3,0,1.0
תִּקְוָה,2,0,1.0
פֹּעֵל,2,1,0.6666666666666666
אָוֵן,0,1,0.0
פֶּה,3,1,0.75
מֹאזְנַיִם,2,0,1.0
מִרְמָה,0,6,0.0
תֻּמָּה,1,0,1.0
סֶלֶף,1,0,1.0
בֹּגֶד,0,1,0.0
תָּמִים,0,1,0.0
בֹּגֵד,1,3,0.25
טוּב,6,1,0.8571428571428571
חֶסֶד,5,6,0.45454545454545453
שֶכֶר,1,0,1.0
אֱמֶת,2,7,0.2222222222222222
עִקֵּש,1,0,1.0
תָּמִים,1,1,0.5
נֶזֶם,1,0,1.0
זָהָב,1,3,0.25
חֲזִיר,0,1,0.0
סָר,1,0,1.0
טַעַם,0,3,0.0
שֹרֶש,1,0,1.0
אִשִּה,1,0,1.0
תַּחְבֻּלָּה,1,0,1.0
נַעֲוֵה,1,0,1.0
רַחֲמִים,1,1,0.5
מָצוֹד,1,0,1.0
פֶּשַע,3,5,0.375
גְּמוּל,2,0,1.0
מַדְקֵרָה,1,0,1.0
חֹרֵש,2,1,0.6666666666666666
יֹעֵץ,1,0,1.0
עֹשֶה,7,0,1.0
כֹּפֶר,2,0,1.0
נֵר,2,0,1.0
מְמֻשָּךְ,0,1,0.0
יָרֵא,3,2,0.6
מוֹקֵש,5,0,1.0
חֹטֵא,0,1,0.0
נִיר,1,0,1.0
שֹבַע,1,0,1.0
נָלוֹז,1,0,1.0
חֹטֶר,1,0,1.0
אֵבוּס,1,0,1.0
בַּר,3,2,0.6
כֹח,1,0,1.0
עָרוּם,0,1,0.0
כְּסִיל,0,3,0.0
מָרָה,1,0,1.0
קָצָר,2,0,1.0
שָעָר,5,2,0.7142857142857143
אֹהֵב,6,1,0.8571428571428571
עָשִיר,1,1,0.5
מִבְטָח,4,1,0.8
הֲדָרָה,2,0,1.0
לְאֹם,0,4,0.0
רָזוֹן,0,1,0.0
אֶרֶךְ,1,0,1.0
מַרְפֵּא,1,1,0.5
רָקָב,1,0,1.0
עֶצֶם,1,1,0.5
מַעֲנֶה,3,0,1.0
עֶצֶב,0,1,0.0
חַיּים,0,1,0.0
תְּפִלָּה,5,1,0.8333333333333334
עַצֶּבֶת,1,0,1.0
אֲרֻחָה,1,0,1.0
יָרָק,0,1,0.0
מְשֻכָה,1,0,1.0
חֵדֶק,0,1,0.0
בָּיִת,2,0,1.0
גֵּאֶה,0,1,0.0
שֹמֵעַ,2,0,1.0
תּוֹכֵחָה,0,1,0.0
מַעֲרָךְ,1,0,1.0
דֶרֶךְ,1,0,1.0
גָּבֹהַּ,1,0,1.0
כִּיס,0,1,0.0
מַלְאָךְ,2,1,0.6666666666666666
עָב,2,0,1.0
מַלְקוֹש,0,1,0.0
מְסִלָּה,1,0,1.0
גֹּבַהּ,2,0,1.0
שֶכֶל,3,0,1.0
צוּף,1,1,0.5
לֹכֵד,1,0,1.0
אָוֶּן,0,1,0.0
מָדוֹן,0,3,0.0
אַיִן,0,1,0.0
נָבָל,0,2,0.0
מֵבִין,0,1,0.0
קַר,1,0,1.0
אֹטֵם,1,0,1.0
רֶשָע,0,2,0.0
נִרְגָּן,0,1,0.0
מַשְחִית,0,1,0.0
מִגְדָּל,1,0,1.0
מַתָּן,1,1,0.5
בָּרִיחַ,1,0,1.0
אַרְמוֹן,0,1,0.0
נָדִיב,1,1,0.5
רָש,0,1,0.0
מִרְדָּף,2,0,1.0
זַעַף,1,0,1.0
מִדְיָן,1,0,1.0
בֹּזֶה,1,0,1.0
מַלְוֶה,1,0,1.0
כָּזָב,0,5,0.0
דֵּעָה,1,1,0.5
גֵּו,1,0,1.0
אֵימָה,2,0,1.0
דִּין,5,1,0.8333333333333334
שְבַע,1,0,1.0
פְּנִינָה,0,1,0.0
יָקָר,0,1,0.0
חֹשֶךְ,0,2,0.0
מִצְעָד,1,0,1.0
נְשָמָה,3,0,1.0
בָּחוּר,1,1,0.5
הָדָר,4,1,0.8
חֲבוּרָה,1,0,1.0
פֶּצַע,1,1,0.5
מַכָּה,2,0,1.0
רָחָב,1,0,1.0
מְבַקֵּש,5,0,1.0
שֵד,1,0,1.0
גָּג,0,3,0.0
מִדְיָּן,0,1,0.0
חֶבֶר,0,1,0.0
זְעָקָה,1,0,1.0
עֶבְרָה,2,1,0.6666666666666666
זָדוֹן,0,1,0.0
עָצֵל,0,1,0.0
עָשָה,1,0,1.0
טָהוֹר,1,0,1.0
זֵר,0,1,0.0
זָעוּם,1,0,1.0
קֹשְטְ,2,0,1.0
תֹּקֵעַ,1,0,1.0
מִלָּה,0,1,0.0
סֹבֵא,1,0,1.0
זֹלֵל,1,0,1.0
חַכְלִילוּת,1,0,1.0
חִבֵּל,0,1,0.0
זִמָּה,1,0,1.0
צָרָה,2,2,0.5
פִּיד,1,0,1.0
שְנַיִם,0,2,0.0
חִנָּם,0,2,0.0
גָּדֵר,1,0,1.0
חִבֻּק,1,0,1.0
חִזְקִיָּה,0,1,0.0
כָּבוֹד,1,0,1.0
כָּבוֹד,7,7,0.5
תַּפּוּח,1,0,1.0
מַשְכִּית,2,0,1.0
חֲלִי,1,0,1.0
כֶּתֶם,1,1,0.5
צִנָּה,1,0,1.0
שֶלֶג,0,1,0.0
קָצִיר,0,1,0.0
מַתָּת,1,0,1.0
קָרָה,0,1,0.0
צָפוֹן,0,2,0.0
פִּנָּה,1,0,1.0
חָבֵר,0,1,0.0
מֶרְחָק,0,1,0.0
חֵקֶר,1,0,1.0
פָּרוּץ,0,1,0.0
שִכּוֹר,0,1,0.0
מֵשִיב,2,0,1.0
נִרְגָּן,0,1,0.0
סִיג,0,1,0.0
כֹּבֶד,1,0,1.0
נֶטֶל,1,0,1.0
אַכְזָרִיּוּת,1,0,1.0
שֶטֶף,2,0,1.0
נְשִיקָה,1,0,1.0
שֹנֵא,3,1,0.75
מָתֵק,1,0,1.0
רֵעֶה,1,0,1.0
אִיד,0,1,0.0
סַגְרִיר,0,1,0.0
יָמִין,4,4,0.5
עֵשֶב,2,0,1.0
עֹזֵב,1,0,1.0
מַעֲשַקּוֹת,0,1,0.0
בֵּצַע,0,1,0.0
רֵיק,0,1,0.0
פַּת,1,0,1.0
לָצוֹן,0,1,0.0
דָם,0,1,0.0
תֹּךְ,0,1,0.0
עַיִּן,1,0,1.0
גֵּאוּת,1,0,1.0
שָפָל,1,0,1.0
חֲרָדָה,1,0,1.0
מֹשֵל,0,1,0.0
אָגוּר,0,1,0.0
נְאוּם,1,0,1.0
אִמְרָה,3,0,1.0
אֱלוֹהַ,1,2,0.3333333333333333
חוֹק,1,1,0.5
עֹצֶר,3,0,1.0
רַחַם,0,1,0.0
יִקָהָה,1,0,1.0
עֹרֵב,1,1,0.5
נֶשֶר,0,2,0.0
נָחָש,0,2,0.0
אֳנִיָּה,2,1,0.6666666666666666
קָטָן,1,0,1.0
הֵיכָל,3,2,0.6
מֵיטִיב,2,0,1.0
צָעָד,0,1,0.0
לֶכֶת,0,1,0.0
זַרְזִיר,1,0,1.0
מָתְנַיִם,0,1,0.0
מִיץ,2,0,1.0
לְמוּאֵל,0,1,0.0
מַשָּא,0,1,0.0
עֳנִי,0,2,0.0
מַר,1,0,1.0
חֵפֶץ,1,1,0.5
סֹחֵר,0,1,0.0
הֲלִיכָה,2,0,1.0
עַצְלוּת,0,1,0.0
מוֹשָב,1,1,0.5
לֵץ,0,1,0.0
עֵדָה,6,3,0.6666666666666666
יֹצֵר,0,1,0.0
שֹפֵט,2,0,1.0
עֵת,6,0,1.0
שֶוַע,0,1,0.0
בֶּכִי,0,1,0.0
כוּש,0,1,0.0
יְמִינִי,0,1,0.0
צֹרֵר,1,2,0.3333333333333333
עוֹלֵל,0,1,0.0
יֹנֵק,0,1,0.0
דָּג,1,0,1.0
יֹדֵעַ,2,0,1.0
צְעָקָה,1,1,0.5
צִיּוֹן,0,6,0.0
שֹכֵחַ,2,0,1.0
עָנָו,1,2,0.3333333333333333
מַאֲרָב,1,0,1.0
חָצֵר,3,1,0.75
זַלְעָפָה,0,1,0.0
מְנַת,2,0,1.0
כּוֹס,1,1,0.5
חָלָק,0,1,0.0
שֹד,1,0,1.0
אֲנָקָה,2,0,1.0
אֶבְיוֹן,0,4,0.0
פֹּעֵל,1,1,0.5
אֹכֵל,2,0,1.0
שְבוּת,2,0,1.0
אֵלֶּה,0,1,0.0
אַדִּיר,1,0,1.0
חֶפֶץ,1,1,0.5
שִמְחָה,0,3,0.0
פָּרִיץ,0,1,0.0
צֵל,1,0,1.0
יֶשַע,1,6,0.14285714285714285
נָחָל,2,0,1.0
הָר,0,1,0.0
חֲשֵכָה,1,0,1.0
שָחָק,0,1,0.0
גָחָל,1,0,1.0
אֵש,1,4,0.2
אָפִיק,2,0,1.0
תֶּבֶל,0,3,0.0
בֹּר,1,0,1.0
קֶשֶת,1,2,0.3333333333333333
נְחוּשָה,0,1,0.0
טִיט,2,0,1.0
חוּץ,0,1,0.0
שֶמַע,1,1,0.5
עֵדוּת,2,4,0.3333333333333333
מַחְכִּים,1,0,1.0
פִּקּוּד,1,0,1.0
מְשַמֵּחַ,1,0,1.0
מֵאִיר,1,0,1.0
נֹפֶת,1,0,1.0
הִגָּיוֹן,1,0,1.0
גְּבוּרָה,3,0,1.0
קְרֹא,0,1,0.0
אֲרֶשֶת,1,0,1.0
פָּז,0,1,0.0
עֶלְיוֹן,0,5,0.0
תַּנּוּר,1,0,1.0
אַיֶּלֶה,1,0,1.0
שָחָר,0,1,0.0
שְאָגָה,0,1,0.0
תְּהִלָּה,2,2,0.5
חֶרְפָּה,5,0,1.0
בָּזוּי,1,0,1.0
שַד,1,0,1.0
אַבִּיר,4,3,0.5714285714285714
מֵרֵעַ,0,1,0.0
עֱנוּת,1,0,1.0
מִשְפָּחָה,1,0,1.0
דֶּשֶן,2,0,1.0
נָוָה,5,0,1.0
דֵּשֵא,0,1,0.0
מְנוּחָה,0,1,0.0
גַּיְא,1,0,1.0
צַלְמָוֶת,0,2,0.0
דֹּרֵש,3,1,0.75
גִּבּוֹר,1,1,0.5
חֶטְא,1,0,1.0
אָרְחָה,1,0,1.0
נֶצֶר,2,0,1.0
סוֹד,4,0,1.0
מֵתִים,1,0,1.0
מֵרַע,0,1,0.0
קול,1,0,1.0
תּוֹדָה,0,3,0.0
מִשְכָּן,3,2,0.6
מָעוֹז,3,2,0.6
תְּרוּעָה,0,3,0.0
צַר,0,3,0.0
תַּחְנוּנִים,0,1,0.0
דְּבִיר,1,0,1.0
דֹּבֵר,1,0,1.0
רֹעַ,1,0,1.0
פְּעוּלָה,1,0,1.0
תַּחְנוּן,0,1,0.0
אֶרֶז,2,0,1.0
לְבָנוֹן,0,1,0.0
לְהָבָה,1,0,1.0
מְדבר,1,0,1.0
שִיר,6,1,0.8571428571428571
חֲנֻכָּה,0,1,0.0
מְצוּדָה,0,1,0.0
הֶבֶל,1,0,1.0
שַוְא,0,1,0.0
דִּבָּה,1,0,1.0
רֶכֶס,1,0,1.0
מָצוֹר,0,1,0.0
תַּחֲנוּן,0,1,0.0
נָשוּי,1,0,1.0
כְּסוּי,1,0,1.0
חֲטָאָה,0,1,0.0
חֵרָבוֹן,1,0,1.0
קַיִץ,0,1,0.0
חַטָּאת,0,1,0.0
מַיִּם,0,1,0.0
רֹן,1,0,1.0
פַּלֵּט,0,1,0.0
מָכוֹן,2,0,1.0
שֶבֶת,0,2,0.0
כֹּח,0,1,0.0
פַּנֶה,1,0,1.0
נִשְבָּר,1,0,1.0
דַּכָּא,1,0,1.0
חֹשֵב,1,0,1.0
שַחַת,1,1,0.5
רֶשֶת,0,1,0.0
לָבוּש,1,0,1.0
שַק,0,1,0.0
אָבֵל,1,0,1.0
חָנֵף,2,0,1.0
לַעַג,1,1,0.5
מָעוֹג,0,1,0.0
רֶגַע,1,0,1.0
נְאֻם,1,0,1.0
עֶדֶן,0,1,0.0
עַוְלָה,0,3,0.0
דֶּשֶא,0,1,0.0
מִשְאָלָה,1,0,1.0
מַצְלִיחַ,1,0,1.0
מְזִימָה,0,1,0.0
קֹוֶה,1,0,1.0
הָמוֹן,2,0,1.0
תַּמִּים,0,1,0.0
רֵעָבוֹן,0,1,0.0
יָׁקָר,1,0,1.0
הַכָּרָה,1,0,1.0
תְּשוּעָה,2,1,0.6666666666666666
נְהָמָה,1,0,1.0
מְשַלֵּם,1,0,1.0
מִדָּה,1,0,1.0
תִּגְרָה,1,0,1.0
שָאוֹן,3,1,0.75
יָוֵן,1,1,0.5
שֹטֶה,1,0,1.0
מְגִלָּה,1,0,1.0
,1,0,1.0
תְּשוּעָה,0,1,0.0
דְּוַי,0,1,0.0
קֹרַח,0,1,0.0
רִנָּה,0,1,0.0
יַרְדֵן,0,1,0.0
מִצְעָר,0,1,0.0
צִנּוֹר,0,1,0.0
סֶלַע,0,2,0.0
לַחַץ,1,0,1.0
גִּיל,1,1,0.5
כִּנּוֹר,1,0,1.0
מָנוֹד,1,0,1.0
בֹּשֶת,1,0,1.0
תַּן,0,1,0.0
תַּעֲלוּמָה,1,0,1.0
טִבְחָה,0,1,0.0
יְדִידוּת,0,1,0.0
עֲנָוָה,1,0,1.0
מַלְכוּת,1,2,0.3333333333333333
שָשוֹן,2,1,0.6666666666666666
אוֹפִיר,0,1,0.0
צֹר,1,1,0.5
מִשְבֶּצֶת,1,0,1.0
גָּאוֹן,1,0,1.0
מֶלֶך,1,0,1.0
אַבְרָהָם,0,1,0.0
נוֹף,0,1,0.0
מָשוֹש,1,0,1.0
יְרֵכָה,2,0,1.0
קָדִים,0,1,0.0
תַּרְשִיש,0,2,0.0
חֶלֶד,0,1,0.0
הָגוּת,1,0,1.0
עָקֵב,1,1,0.5
עֹשֶר,0,1,0.0
פִּדְיוֹן,1,0,1.0
מִכְלָל,1,0,1.0
יֹפִי,0,1,0.0
כֹּרֵת,1,0,1.0
חַיָּה,3,0,1.0
יָעָר,0,2,0.0
זִיז,1,0,1.0
שָדַי,0,1,0.0
עַתּוּד,0,1,0.0
חוֹמָה,1,0,1.0
יְרוּשָלַיִם,0,4,0.0
אֱחִימֶלֶךְ,0,1,0.0
בֶּלַע,0,1,0.0
עֹשְר,0,1,0.0
בַּית,1,0,1.0
טוב,0,1,0.0
חֹנֵךְ,0,1,0.0
סֹמֵךְ,1,0,1.0
עָקָה,1,0,1.0
מַחְמָאָה,1,0,1.0
קְרָב,1,1,0.5
בְּאֵר,1,0,1.0
יוֹנָה,1,1,0.5
אֵלֶם,1,1,0.5
מִלְתָּעָה,1,0,1.0
כְּפִיר,0,1,0.0
נֵפֶל,1,0,1.0
חַטָּאת,1,0,1.0
שוּשַן,1,0,1.0
גַּיְא,1,0,1.0
תַּרְעֵלָה,0,1,0.0
עֵמֶק,1,1,0.5
סִיר,1,0,1.0
רַחַץ,0,1,0.0
צִיָּה,0,1,0.0
רְנָנָה,0,1,0.0
תַּחְתִּי,1,0,1.0
מְנָת,1,0,1.0
שוּעָל,0,1,0.0
פָּחָד,1,0,1.0
רִגְשָה,2,0,1.0
גַּל,0,1,0.0
בֹּקֶר,0,1,0.0
עֶרֶב,0,2,0.0
טוֹבָה,0,1,0.0
מִפְעָלָה,1,0,1.0
עֹלָה,1,0,1.0
מֹחַ,0,1,0.0
קְטֹרֶת,1,0,1.0
אַיִל,0,1,0.0
גֶּשֶם,1,0,1.0
גַּבְנֹן,0,1,0.0
רֶכֶב,1,0,1.0
שֵעָר,0,1,0.0
מְצוּלָה,1,1,0.5
זְבֻלּוּן,0,1,0.0
נַפְתָּלִי,0,1,0.0
קָנֶה,0,1,0.0
רַץ,1,0,1.0
שָמַיִּם,2,1,0.6666666666666666
מַעֲמָקִים,2,0,1.0
קִנְאָה,1,0,1.0
חֹרֶף,0,1,0.0
נְגִינָה,2,0,1.0
שֹתֶה,0,1,0.0
שֵכָר,0,1,0.0
שִבֹּלֶת,1,0,1.0
מַכְאוֹב,1,0,1.0
חָפֵץ,1,0,1.0
מְעַוֵּל,0,1,0.0
חֹמֵץ,0,1,0.0
מֵעֶה,1,0,1.0
זִקְנָה,0,1,0.0
שֹטֵן,1,1,0.5
תְּהוֹם,2,0,1.0
נֵבֶל,1,1,0.5
שְבָא,0,2,0.0
פִּסָּה,1,0,1.0
יִשַּי,0,1,0.0
עָמָל,2,0,1.0
אֱנוֹש,0,2,0.0
מָלֵא,0,1,0.0
שָלֵו,1,0,1.0
מִקְדָּש,1,0,1.0
קִרְבָה,1,0,1.0
מַרְעִית,0,1,0.0
מַשּוּאָה,1,0,1.0
נֶצַח,0,1,0.0
סְבֹךְ,1,0,1.0
תַּנִּין,0,1,0.0
לִוְיָתָן,0,1,0.0
אֵיתָן,0,1,0.0
מַחְשָךְ,1,0,1.0
קָם,0,1,0.0
טֶרֶף,0,1,0.0
שְאֵרִית,1,0,1.0
נָגִיד,0,1,0.0
שְמֻרָּה,1,0,1.0
יָה,0,2,0.0
רַעַם,0,1,0.0
אַהֲרֹן,0,4,0.0
נֶשֶק,2,1,0.6666666666666666
רוֹם,0,1,0.0
צֹעַן,0,1,0.0
דֶּלֶת,2,0,1.0
מִשְלָחָת,2,0,1.0
אֹהֵל,5,0,1.0
חָם,0,1,0.0
שֵבֶט,5,0,1.0
בַּקָּשָה,1,0,1.0
שִלֹּה,0,1,0.0
מִכְלָאָה,1,0,1.0
תְּבוּנָה,1,0,1.0
נְבָלָה,1,0,1.0
נְקָמָה,2,0,1.0
אָסִיר,2,1,0.6666666666666666
גֹּדֶל,1,0,1.0
תְּמוּתָה,0,1,0.0
תְּפִלָּה,1,0,1.0
גְּעָָרָה,1,0,1.0
רָעָם,0,1,0.0
שְרִירוּת,1,0,1.0
חֵלֶב,1,0,1.0
אֱדוֹם,0,2,0.0
צוֹר,0,1,0.0
קִישוֹן,0,1,0.0
בָּכָא,0,1,0.0
מָשִיחַ,0,2,0.0
פַּעַם,0,1,0.0
עָרִיץ,0,1,0.0
אָרֵךְ,1,0,1.0
שֹכֵב,1,0,1.0
קֶבֶר,0,1,0.0
נְשִיָּה,0,1,0.0
גֵּאוֹת,1,0,1.0
עֲלוּמִים,0,1,0.0
גָּאוּל,1,0,1.0
יְשִימוֹן,1,0,1.0
נְחֹשֶת,0,1,0.0
בְּרִיחַ,2,0,1.0
מְלָאכָה,0,1,0.0
מָחוֹז,1,0,1.0
מוֹשב,1,0,1.0
אֲגַם,1,0,1.0
יָגוֹן,0,1,0.0
מִבְצָר,0,1,0.0
חַטַּאת,1,0,1.0
מַטֶּה,1,0,1.0
טַל,2,0,1.0
יַלְדּוּת,0,1,0.0
כֹּחַ,1,0,1.0
יְּהֹוָה,0,2,0.0
דוּמָה,0,1,0.0
מֵצַר,1,0,1.0
קוֹץ,0,1,0.0
יָמִיו,1,0,1.0
תָמִים,1,0,1.0
נֹצֵר,1,0,1.0
צֵדֶק,0,1,0.0
פִּקּוּדִים,1,2,0.3333333333333333
מָגוֹר,0,1,0.0
חֲצוֹת,1,0,1.0
דַעַת,0,1,0.0
כֹּל,0,2,0.0
פֵּתַח,1,0,1.0
עֹשֵק,1,0,1.0
רֹדֵף,1,0,1.0
זִמָּה,0,1,0.0
מִשְפָּט,1,0,1.0
קֵדָר,0,1,0.0
מַעֲלָה,0,1,0.0
שִפְחָה,0,1,0.0
גְּבִירָה,0,1,0.0
שַאֲנָן,0,1,0.0
פַּח,1,0,1.0
יֹקֵש,0,1,0.0
גּוֹרָל,1,0,1.0
צַדִיק,0,1,0.0
פֹעֵל,1,0,1.0
מֶשֶךְ,1,0,1.0
מַשְכִּים,1,0,1.0
קוּם,0,1,0.0
אֵחֵר,1,0,1.0
שֶתֶל,1,0,1.0
עֲבֹת,1,0,1.0
חָצִיר,1,0,1.0
קַדְמָה,1,0,1.0
שֶלֶף,0,1,0.0
בַּיִּת,0,1,0.0
יָצוּעַ,0,1,0.0
יַעֲקֹׁב,0,1,0.0
הֲדֹם,1,0,1.0
בְכוֹר,1,0,1.0
עָצָב,1,0,1.0
בַּיִת,1,0,1.0
נִפְלָא,0,2,0.0
רֵקָע,1,0,1.0
גֹזֵר,2,0,1.0
מוֹלִיךְ,1,0,1.0
בָּבֶל,0,2,0.0
שַחַר,0,1,0.0
תַּחְתִּית,1,0,1.0
תַּכְלִית,1,0,1.0
עֹצֶב,0,1,0.0
עַכְשוּב,0,1,0.0
מַאֲוַי,1,0,1.0
מֵסֵב,0,1,0.0
מַשְאֵת,1,0,1.0
מִנְחָה,1,0,1.0
עָשוֹר,0,1,0.0
זָוִית,1,0,1.0
מְחֻטָּב,0,1,0.0
הוֹד,0,1,0.0
עֱזוּז,1,0,1.0
נוֹרָא,0,1,0.0
קֹדֵש,0,1,0.0
בֹּנֶה,1,0,1.0
נִדָּח,1,0,1.0
שָבוּר,1,0,1.0
כֹּח,0,1,0.0
סוּס,0,1,0.0
שוֹק,1,0,1.0
סְעָרָה,0,1,0.0
רוֹמֵם,1,0,1.0
כֶּבֶל,1,0,1.0
רָקִיעַ,1,0,1.0
תֵּקַע,1,0,1.0
שוֹפָר,0,1,0.0
צֶלְצְלִים,2,0,1.0
